1,Leather Headgear
6,Chainmail Headgear
11,Hunter's Headgear
16,Bone Helm
21,Vespoid Helm
28,Jagras Helm
33,Kulu Headpiece
38,Alloy Helm
43,Pukei Hood
48,Barroth Helm
53,Jyura Helm
58,Kadachi Helm
63,High Metal Helm
68,King Beetle Vertex
73,Butterfly Vertex
78,Shamos Goggles
79,Hornetaur Helm
84,Anja Helm
89,Rathian Helm
94,Tzitzi Headgear
99,Lumu Hat
104,Girros Mask
109,Baan Helm
114,Ingot Helm
119,Death Stench Brain
124,Brigade Lobos
129,Legiana Helm
134,Odogaron Helm
139,Rathalos Helm
144,Diablos Helm
149,Kirin Horn
154,Leather Headgear Alpha
159,Leather Headgear Beta
164,Chainmail Headgear Alpha
169,Chainmail Headgear Beta
174,Hunter's Headgear Alpha
179,Hunter's Headgear Beta
184,Bone Helm Alpha
189,Bone Helm Beta
194,Alloy Helm Alpha
199,Alloy Helm Beta
204,King Beetle Vertex Alpha
209,King Beetle Vertex Beta
214,Butterfly Vertex Alpha
219,Butterfly Vertex Beta
224,Vespoid Helm Alpha
229,Vespoid Helm Beta
234,Hornetaur Helm Alpha
239,Hornetaur Helm Beta
244,Mosswine Mask Alpha
249,Shamos Goggles Alpha
250,Shamos Goggles Beta
251,Jagras Helm Alpha
256,Jagras Helm Beta
261,Kulu Headpiece Alpha
266,Kulu Headpiece Beta
271,Tzitzi Headgear Alpha
276,Tzitzi Headgear Beta
281,Girros Mask Alpha
286,Girros Mask Beta
291,Pukei Hood Alpha
296,Pukei Hood Beta
301,Barroth Helm Alpha
306,Barroth Helm Beta
311,Anja Helm Alpha
316,Anja Helm Beta
321,Jyura Helm Alpha
326,Jyura Helm Beta
331,Kadachi Helm Alpha
336,Kadachi Helm Beta
341,Lumu Hat Alpha
346,Lumu Hat Beta
351,Rathian Helm Alpha
356,Rathian Helm Beta
361,Rath Heart Helm Alpha
366,Rath Heart Helm Beta
371,Baan Helm Alpha
376,Baan Helm Beta
381,Gastodon Horn Alpha
382,Gastodon Horn Beta
385,Dodogama Helm Alpha
390,Dodogama Helm Beta
395,Zorah Headgear Alpha
400,Zorah Headgear Beta
405,High Metal Helm Alpha
410,High Metal Helm Beta
415,Ingot Helm Alpha
420,Ingot Helm Beta
425,Brigade Lobos Alpha
430,Brigade Lobos Beta
435,Faux Felyne Alpha
436,Strategist Spectacles Alpha
437,Lavasioth Helm Alpha
442,Lavasioth Helm Beta
447,Legiana Helm Alpha
452,Legiana Helm Beta
457,Odogaron Helm Alpha
462,Odogaron Helm Beta
467,Rathalos Helm Alpha
472,Rathalos Helm Beta
477,Rath Soul Helm Alpha
482,Rath Soul Helm Beta
487,Diablos Helm Alpha
492,Diablos Helm Beta
497,Diablos Nero Helm Alpha
502,Diablos Nero Helm Beta
507,Uragaan Helm Alpha
512,Uragaan Helm Beta
517,Bazel Helm Alpha
522,Bazel Helm Beta
527,Damascus Helm Alpha
532,Damascus Helm Beta
537,Dober Helm Alpha
542,Dober Helm Beta
547,Death Stench Brain Alpha
552,Death Stench Brain Beta
557,Skull Mask Alpha
558,Nergigante Helm Alpha
563,Nergigante Helm Beta
568,Kaiser Crown Alpha
573,Kaiser Crown Beta
578,Kushala Glare Alpha
583,Kushala Glare Beta
588,Vaal Hazak Helm Alpha
593,Vaal Hazak Helm Beta
598,Kirin Horn Alpha
603,Kirin Horn Beta
608,Xeno'jiiva Headgear Alpha
613,Xeno'jiiva Headgear Beta
618,Guild Cross Circlet Alpha
623,Guild Cross Circlet Beta
628,Dragonking Eyepatch Alpha
629,Commission Gorget Alpha
634,Commission Gorget Beta
639,Sealed Eyepatch Alpha
640,Vangis Helm Alpha
645,Vangis Helm Beta
650,Shadow Shades Alpha
651,Blossom Headgear
661,Blossom Headgear Alpha
667,Wiggler Head Alpha
668,Kulve Taroth's Fury Alpha
673,Kulve Taroth's Fury Beta
678,Kirin Horn Gamma
683,Dante's Hair Alpha
688,Empress Crown Alpha
693,Empress Crown Beta
698,Kulu-Ya-Ku Head Alpha
699,Vaal Hazak Helm Gamma
704,Drachen Armet Alpha
709,Azure Starlord Crown Alpha
714,Kulve Taroth's Fury Gamma
719,Empress Crown Gamma
724,Xeno'jiiva Headgear Gamma
729,Zorah Headgear Gamma
734,Nergigante Helm Gamma
739,Kushala Glare Gamma
744,Kaiser Crown Gamma
749,Bone Helm Alpha +
754,Alloy Helm Alpha +
759,Vespoid Helm Alpha +
764,Hornetaur Helm Alpha +
771,Shamos Goggles Alpha +
772,Gastodon Horn Alpha +
774,Wulg Scarf Alpha +
776,Jagras Helm Alpha +
781,Tzitzi Headgear Alpha +
786,Girros Headgear Alpha +
791,Dodogama Helm Alpha +
796,Kulu Headpiece Alpha +
801,Pukei Hat Alpha +
806,Pukei Lagoon Hat Alpha +
811,Barroth Helm Alpha +
816,Jyura Helm Alpha +
821,Beo Helm Alpha +
826,Kadachi Hat Alpha +
831,Viper Kadachi Hat Alpha +
836,High Metal Helm Alpha +
841,Banbaro Helm Alpha +
846,Anja Helm Alpha +
851,Fulgur Helm Alpha +
856,Rathian Helm Alpha +
861,Rath Heart Helm Alpha +
866,Lumu Hat Alpha +
871,Lumu Phantasm Hood Alpha +
876,Baan Helm Alpha +
881,Bone Helm Beta +
886,Alloy Helm Beta +
891,Vespoid Helm Beta +
896,Hornetaur Helm Beta +
903,Shamos Goggles Beta +
904,Gastodon Horn Beta +
906,Wulg Scarf Beta +
908,Jagras Helm Beta +
913,Tzitzi Headgear Beta +
918,Girros Headgear Beta +
923,Dodogama Helm Beta +
928,Kulu Headpiece Beta +
933,Pukei Hat Beta +
938,Pukei Lagoon Hat Beta +
943,Barroth Helm Beta +
948,Jyura Helm Beta +
953,Beo Helm Beta +
958,Kadachi Hat Beta +
963,Viper Kadachi Hat Beta +
968,High Metal Helm Beta +
973,Banbaro Helm Beta +
978,Anja Helm Beta +
984,Fulgur Helm Beta +
989,Rathian Helm Beta +
994,Rath Heart Helm Beta +
999,Lumu Hat Beta +
1004,Lumu Phantasm Hood Beta +
1009,Baan Helm Beta +
1014,Artian Helm Alpha +
1019,Artian Helm Beta +
1024,Clockwork Helm Alpha +
1029,Clockwork Helm Beta +
1034,Ingot Helm Alpha +
1039,Ingot Helm Beta +
1044,Pearlspring Alpha +
1045,Guildwork Head Alpha +
1050,Guildwork Head Beta +
1055,Ruinous Helm Beta +
1060,Ruinous Helm Alpha +
1065,Silver Solhelm Beta +
1070,Silver Solhelm Alpha +
1075,Golden Lunehelm Beta +
1080,Golden Lunehelm Alpha +
1085,Zinogre Helm Beta +
1090,Zinogre Helm Alpha +
1095,Garuga Helm Beta +
1100,Garuga Helm Alpha +
1105,Zorah Headgear Beta +
1110,Zorah Headgear Alpha +
1115,Shara Ishvalda Helm Beta +
1120,Shara Ishvalda Helm Alpha +
1125,Tentacle Cowl Beta +
1130,Tentacle Cowl Alpha +
1135,Kirin Horn Beta +
1140,Kirin Horn Alpha +
1145,Kushala Glare Beta +
1150,Kushala Glare Alpha +
1155,Kaiser Crown Beta +
1160,Kaiser Crown Alpha +
1165,Fellshroud Helm Beta +
1170,Fellshroud Helm Alpha +
1175,Rimeguard Helm Beta +
1180,Rimeguard Helm Alpha +
1185,Guild Palace Helm Beta +
1190,Guild Palace Helm Alpha +
1195,Esurient Helm Beta +
1200,Esurient Helm Alpha +
1205,Pride Helm Beta +
1210,Pride Helm Alpha +
1215,Damascus Helm Beta +
1220,Damascus Helm Alpha +
1225,Dober Helm Beta +
1230,Dober Helm Alpha +
1235,Black Belt Helm Beta +
1240,Black Belt Helm Alpha +
1245,Rex Roar Helm Beta +
1250,Rex Roar Helm Alpha +
1255,Tigrex Helm Beta +
1260,Tigrex Helm Alpha +
1265,Brachydios Helm Beta +
1270,Brachydios Helm Alpha +
1275,Acidic Glavenus Helm Beta +
1280,Acidic Glavenus Helm Alpha +
1285,Golden Headdress Beta +
1290,Golden Headdress Alpha +
1295,Glavenus Helm Beta +
1300,Glavenus Helm Alpha +
1305,Nargacuga Helm Beta +
1310,Nargacuga Helm Alpha +
1315,Uragaan Helm Beta +
1320,Uragaan Helm Alpha +
1325,Lavasioth Helm Beta +
1330,Lavasioth Helm Alpha +
1335,Death Garon Helm Beta +
1340,Death Garon Helm Alpha +
1345,Odogaron Helm Beta +
1350,Odogaron Helm Alpha +
1355,Hoarcry Helm Beta +
1360,Hoarcry Helm Alpha +
1365,Legiana Helm Beta +
1370,Legiana Helm Alpha +
1375,Diablos Nero Helm Beta +
1380,Diablos Nero Helm Alpha +
1385,Diablos Helm Beta +
1390,Diablos Helm Alpha +
1395,Rath Soul Helm Beta +
1400,Rath Soul Helm Alpha +
1405,Rathalos Helm Beta +
1410,Rathalos Helm Alpha +
1415,Barioth Helm Beta +
1420,Barioth Helm Alpha +
1425,Empress Crown Beta +
1430,Empress Crown Alpha +
1435,Claire's Head Alpha +
1440,Leon's Head Alpha +
1445,Stygian Helm Alpha +
1450,Stygian Helm Beta +
1455,Safi Crested Crown Alpha +
1460,Safi Crested Crown Beta +
1465,Oolong Hair Alpha +
1474,Duffel Penguin Mask Alpha +
1475,Sealed Dragon Cloth Alpha +
1476,Dragonseal Earrings Alpha
1477,Origin Helm
1482,Pulverizing Feather
1483,Queen Beetle Vertex
1488,Butterfly Vertex M
1493,Queen Beetle Vertex Alpha
1499,Queen Beetle Vertex Beta
1504,Diver's Mask
1509,Diver's Mask Alpha
1515,Harvest Flor
1520,Harvest Flor Alpha
1525,Orion Cap
1530,Orion Cap Alpha
1535,Aloy's Head Alpha
1540,Aloy's Head Gamma
1545,Ryu's Head
1550,Ryu's Head Alpha
1555,Sakura's Head Alpha
1560,Geralt's Head Alpha
1565,Ciri's Head Alpha
1570,Acrobat Earrings Alpha +
1571,Showman Earrings Alpha +
1572,Astral Veil Alpha +
1577,Banuk Helm Alpha +
1584,Wyverian Ears Alpha +
1585,Shield-Weaver Head +
1590,Defender Helm Alpha
1595,Guardian Helm Alpha +
1600,Grand God's Peer Mask Alpha +
1605,Grand God's Peer Mask Beta +
1610,Brachydium Helm Alpha +
1615,Brachydium Helm Beta +
1620,Rose Headplace Alpha +
1625,Kulve Taroth's Fury Alpha +
1630,Kulve Taroth's Fury Beta +
1635,Tentacle Cowl Gamma +
1639,Escadora Wisdom Alpha +
1644,Escadora Wisdom Beta +
1649,Frostfang Helm Alpha +
1654,Frostfang Helm Beta +
1659,Passionate Headdress Alpha +
1664,Dragonhead Alpha +
1669,Dragonhead Beta +
1674,Demonlord Hair Alpha +
1679,Rimeguard Helm Gamma +
1684,Azure Age Hair Alpha +